http://maib.gov.uk/publications/investigation_reports/2011/our_boy_andrew.cfm,23/2011,http://maib.gov.uk/publications/accident_flyers/accident_flyers_2011/our_boy_andrew.cfm,HTMLAssetError
http://maib.gov.uk/publications/investigation_reports/2011/commodore_clipper.cfm,24/2011,http://maib.gov.uk/publications/accident_flyers/accident_flyers_2011/commodore_clipper.cfm,HTMLAssetError
http://maib.gov.uk/publications/investigation_reports/2014/achieve.cfm,Achieve,http://maib.gov.uk/publications/accident_flyers/accident_flyers_2014/achieve_flyer.cfm,HTMLAssetError
http://maib.gov.uk/publications/investigation_reports/2013/arklow_meadow.cfm,Arklow Meadow,http://maib.gov.uk/publications/accident_flyers/accident_flyers_2013/arklow_meadow_flyer.cfm,HTMLAssetError
http://maib.gov.uk/publications/investigation_reports/2012/chiefton.cfm,Chiefton,http://maib.gov.uk/publications/accident_flyers/accident_flyers_2012/chiefton.cfm,HTMLAssetError
http://maib.gov.uk/publications/investigation_reports/2014/danio.cfm,Danio,http://www.maib.gov.uk/publications/safety_studies/bridge_watchkeeping_safety_study.cfm,HTMLAssetError
http://maib.gov.uk/publications/investigation_reports/2012/norcape.cfm,Norcape,http://maib.gov.uk/publications/accident_flyers/accident_flyers_2012/norcape_flyer.cfm,HTMLAssetError
http://maib.gov.uk/publications/investigation_reports/2013/purbeck_isle.cfm,Purbeck Isle,http://maib.gov.uk/publications/accident_flyers/accident_flyers_2013/purbeck_isle_flyer.cfm,HTMLAssetError
http://maib.gov.uk/publications/investigation_reports/2012/starlight_rays.cfm,Starlight Rays,http://maib.gov.uk/cms_resources/StarlightRays%5FCombinedAnnexes%2Epdf,HTMLAssetError
http://maib.gov.uk/publications/investigation_reports/2012/starlight_rays.cfm,Starlight Rays,http://maib.gov.uk/publications/accident_flyers/accident_flyers_2012/starlight_rays.cfm,HTMLAssetError
http://maib.gov.uk/publications/investigation_reports/2013/swanland.cfm,Swanland,http://maib.gov.uk/publications/accident_flyers/accident_flyers_2013/swanland_flyer.cfm,HTMLAssetError
http://maib.gov.uk/publications/investigation_reports/2013/swanland.cfm,Swanland,http://maib.gov.uk/publications/accident_flyers/accident_flyers_2013/swanland_flyer_2.cfm,HTMLAssetError
http://maib.gov.uk/publications/investigation_reports/2012/tombarra___part_a.cfm,Tombarra Part A,http://maib.gov.uk/publications/accident_flyers/accident_flyers_2012/tombarra___part_a.cfm,HTMLAssetError
http://maib.gov.uk/publications/investigation_reports/2012/tombarra___part_a.cfm,Tombarra Part A,http://maib.gov.uk/publications/safety_bulletins/safety_bulletins_2011/safety_bulletin_2_2011.cfm,HTMLAssetError
http://maib.gov.uk/publications/investigation_reports/2012/tombarra___part_a.cfm,Tombarra Part A,http://maib.gov.uk/publications/investigation_reports/2012/tombarra___part_b.cfm,HTMLAssetError
http://maib.gov.uk/publications/investigation_reports/2012/tombarra___part_b.cfm,Tombarra Part B,http://maib.gov.uk/publications/safety_bulletins/safety_bulletins_2011/safety_bulletin_1_2011.cfm,HTMLAssetError
http://maib.gov.uk/publications/investigation_reports/2012/tombarra___part_b.cfm,Tombarra Part B,http://maib.gov.uk/publications/investigation_reports/2012/tombarra___part_a.cfm,HTMLAssetError
http://maib.gov.uk/publications/investigation_reports/2013/wah_shan.cfm,Wah Shan,http://maib.gov.uk/publications/accident_flyers/accident_flyers_2013/wah_shan_flyer.cfm,HTMLAssetError
http://maib.gov.uk/publications/investigation_reports/2010/alam_pintar___etoile_des_ondes.cfm,Alam Pintar & Etoile des Ondes,http://maib.gov.uk/publications/investigation_reports/2010/alam_pintar___etoile_des_ondes.cfm,HTMLAssetError
http://maib.gov.uk/publications/investigation_reports/2010/test.cfm,Aquila,http://maib.gov.uk/cms_resources/Aquila%5FReport%2Epdf,HTMLAssetError
http://maib.gov.uk/publications/investigation_reports/2010/aquila.cfm,Aquila,http://maib.gov.uk/cms_resources/Aquila%5FSynopsis%2Epdf,HTMLAssetError
http://maib.gov.uk/publications/investigation_reports/2010/aquila.cfm,Aquila,http://maib.gov.uk/cms_resources/Aquila%5FAnnexes%2Epdf,HTMLAssetError
http://maib.gov.uk/publications/investigation_reports/2010/aquila.cfm,Aquila,http://maib.gov.uk/publications/accident_flyers/accident_flyers_2010/aquila.cfm,HTMLAssetError
http://maib.gov.uk/publications/investigation_reports/2000/aquitaine.cfm,Aquitane (15/2000),investigation-report-aquitaineq,NonUniqueSlugError
http://maib.gov.uk/publications/investigation_reports/2007/arctic_ocean_maritime_lady_sunny_blossom.cfm,Arctic Ocean/Maritime Lady/Sunny Blossom,"'http://maib.gov.uk/cms_resources/Arctic%20Ocean%5FMaritime%20Lady%2DSyn', 404",BadAssetCodeError
http://maib.gov.uk/publications/investigation_reports/2007/arctic_ocean_maritime_lady_sunny_blossom.cfm,Arctic Ocean/Maritime Lady/Sunny Blossom,"'http://maib.gov.uk/_shared/icon_Syn.gif', 404",BadAssetCodeError
http://maib.gov.uk/publications/investigation_reports/2007/arctic_ocean_maritime_lady_sunny_blossom.cfm,Arctic Ocean/Maritime Lady/Sunny Blossom,purging image http://maib.gov.uk/_shared/icon_Syn.gif,PurgedImageError
http://maib.gov.uk/publications/investigation_reports/2009/astral.cfm,Astral,http://maib.gov.uk/publications/accident_flyers/accident_flyers_2009/astral.cfm,HTMLAssetError
http://maib.gov.uk/publications/investigation_reports/2010/ben_my_chree.cfm,Ben-My-Chree,http://maib.gov.uk/publications/accident_flyers/accident_flyers_2010/ben_my_chree.cfm,HTMLAssetError
http://maib.gov.uk/publications/investigation_reports/2010/bro_arthur.cfm,Bro Arthur,http://maib.gov.uk/publications/accident_flyers/accident_flyers_2010/bro_arthur.cfm,HTMLAssetError
http://maib.gov.uk/publications/investigation_reports/2007/brothers.cfm,Brothers,http://maib.gov.uk/publications/accident_flyers/accident_flyers_2007/brothers.cfm,HTMLAssetError
http://maib.gov.uk/publications/investigation_reports/2006/cp_valour.cfm,CP Valour,http://maib.gov.uk/publications/accident_flyers/merchant_vessel_flyers_2006/cp_valour.cfm,HTMLAssetError
http://maib.gov.uk/publications/investigation_reports/2010/cormorant.cfm,Cormorant,http://maib.gov.uk/publications/accident_flyers/accident_flyers_2010/cormorant___sand_falcon.cfm,HTMLAssetError
http://maib.gov.uk/publications/investigation_reports/2011/delta_rib.cfm,Delta 8.5m RIB,http://maib.gov.uk/cms_resources/Delta%5FRIB%5FAnnexes%2Epdf,HTMLAssetError
http://maib.gov.uk/publications/investigation_reports/2011/delta_rib.cfm,Delta 8.5m RIB,http://maib.gov.uk/publications/accident_flyers/accident_flyers_2011/delta_rib.cfm,HTMLAssetError
http://maib.gov.uk/publications/investigation_reports/2008/dublin_viking.cfm,Dublin Viking,http://maib.gov.uk/publications/accident_flyers/accident_flyers_2008.cfm,HTMLAssetError
http://maib.gov.uk/publications/investigation_reports/2009/eurovoyager.cfm,Eurovoyager,http://maib.gov.uk/publications/accident_flyers/accident_flyers_2009/eurovoyager.cfm,HTMLAssetError
http://maib.gov.uk/publications/investigation_reports/2004/fv_chelaris_j__1_october_2003.cfm,"FV Chelaris J, 1 October 2003 (07/2004)",http://maib.gov.uk/publications/accident_flyers/fishing_vessel_flyer_2005/chelaris_j.cfm,HTMLAssetError
http://maib.gov.uk/publications/investigation_reports/1999/gaul.cfm,Gaul Report Sections 1 to 6,http://maib.gov.uk/cms_resources/dft%5Fmasafety%5F024620%2Epdf,HTMLAssetError
http://maib.gov.uk/publications/investigation_reports/1999/gaul.cfm,Gaul Report Sections 1 to 6,http://maib.gov.uk/cms_resources/dft%5Fmasafety%5F024619%2Epdf,HTMLAssetError
http://maib.gov.uk/publications/investigation_reports/1999/gaul.cfm,Gaul Report Sections 1 to 6,http://maib.gov.uk/cms_resources/dft%5Fmasafety%5F024618%2Epdf,HTMLAssetError
http://maib.gov.uk/publications/investigation_reports/2007/hilli.cfm,Hilli,http://maib.gov.uk/publications/accident_flyers/accident_flyers_2007/hilli.cfm,HTMLAssetError
http://maib.gov.uk/publications/investigation_reports/2011/homeland___scottish_viking.cfm,Homeland & Scottish Viking,http://maib.gov.uk/cms_resources/Homeland%5FScottish%2DViking%5FAnnexes%2Epdf,HTMLAssetError
http://maib.gov.uk/publications/investigation_reports/2011/homeland___scottish_viking.cfm,Homeland & Scottish Viking,http://maib.gov.uk/publications/accident_flyers/accident_flyers_2011/homeland.cfm,HTMLAssetError
http://maib.gov.uk/publications/investigation_reports/2007/hooligan_v.cfm,Hooligan V,http://maib.gov.uk/publications/accident_flyers/accident_flyers_2007/hooligan_v.cfm,HTMLAssetError
http://maib.gov.uk/publications/investigation_reports/2009/hurlingham.cfm,Hurlingham,http://maib.gov.uk/publications/safety_bulletins/safety_bulletins_2008/safety_bulletin_3_2008.cfm,HTMLAssetError
http://maib.gov.uk/publications/investigation_reports/2010/ijsselstroom.cfm,Ijsselstroom,http://maib.gov.uk/cms_resources/Ijsselstroom%5FSynopsis%2Epdf,HTMLAssetError
http://maib.gov.uk/publications/investigation_reports/2010/ijsselstroom.cfm,Ijsselstroom,http://maib.gov.uk/cms_resources/Ijsselstroom%5FAnnexes%2Epdf,HTMLAssetError
http://maib.gov.uk/publications/investigation_reports/2009/jo_eik.cfm,Jo Eik,http://maib.gov.uk/publications/accident_flyers/accident_flyers_2009/jo_eik.cfm,HTMLAssetError
http://maib.gov.uk/publications/investigation_reports/2006/kathrin.cfm,Kathrin,http://maib.gov.uk/publications/accident_flyers/merchant_vessel_flyers_2006/kathrin.cfm,HTMLAssetError
http://maib.gov.uk/publications/investigation_reports/2010/kerloch.cfm,Kerloch,http://maib.gov.uk/cms_resources/Kerloch%5FSynopsis%2Epdf,HTMLAssetError
http://maib.gov.uk/publications/investigation_reports/2010/kerloch.cfm,Kerloch,http://maib.gov.uk/cms_resources/Kerloch%5FAnnexes%2Epdf,HTMLAssetError
http://maib.gov.uk/publications/investigation_reports/2010/kerloch.cfm,Kerloch,http://maib.gov.uk/publications/accident_flyers/accident_flyers_2010/kerloch.cfm,HTMLAssetError
http://maib.gov.uk/publications/investigation_reports/2008/last_call.cfm,Last Call,http://maib.gov.uk/publications/accident_flyers/accident_flyers_2008/last_call.cfm,HTMLAssetError
http://maib.gov.uk/publications/investigation_reports/2010/llanddwyn_island.cfm,Llanddwyn Island,http://maib.gov.uk/publications/accident_flyers/accident_flyers_2010/llanddwyn_island.cfm,HTMLAssetError
http://maib.gov.uk/publications/safety_bulletins/safety_bulletins_2000/safety_bulletin_1_2000.cfm,MAIB Safety Bulletin 1/2000 Solway Harvester,http://maib.gov.uk/publications/investigation_reports/2006/solway_harvester.cfm,HTMLAssetError
http://maib.gov.uk/publications/safety_bulletins/safety_bulletins_2003/safety_bulletin_1_2003.cfm,MAIB Safety bulletin 1/2003,http://maib.gov.uk/publications/investigation_reports/2003/aquitaine.cfm,HTMLAssetError
http://maib.gov.uk/publications/safety_bulletins/safety_bulletins_2003/safety_bulletin_2_2003.cfm,MAIB Safety bulletin 2/2003,http://maib.gov.uk/publications/investigation_reports/2004/breakaway_5.cfm,HTMLAssetError
http://maib.gov.uk/publications/investigation_reports/2010/maersk_kendal.cfm,Maersk Kendal,http://maib.gov.uk/cms_resources/Maersk%5FKendal%5FSynopsis%2Epdf,HTMLAssetError
http://maib.gov.uk/publications/investigation_reports/2010/maersk_kendal.cfm,Maersk Kendal,http://maib.gov.uk/cms_resources/Maersk%5FKendall%5FAnnexes%2Epdf,HTMLAssetError
http://maib.gov.uk/publications/investigation_reports/2009/maggie_ann.cfm,Maggie Ann,http://maib.gov.uk/publications/accident_flyers/accident_flyers_2009/maggie_ann.cfm,HTMLAssetError
http://maib.gov.uk/publications/investigation_reports/2007/meridian.cfm,Meridian,http://maib.gov.uk/publications/accident_flyers/accident_flyers_2007/meridian_flyer.cfm,HTMLAssetError
http://maib.gov.uk/publications/investigation_reports/2009/mv_norma.cfm,Norma,http://maib.gov.uk/publications/accident_flyers/accident_flyers_2009/mv_norma.cfm,HTMLAssetError
http://maib.gov.uk/publications/investigation_reports/2011/norman_arrow.cfm,Norman Arrow,http://maib.gov.uk/cms_resources/Norman%20Arrow%5FAnnexes%2Epdf,HTMLAssetError
http://maib.gov.uk/publications/investigation_reports/2010/olivia_jean.cfm,Olivia Jean,http://maib.gov.uk/cms_resources/Olivia%5FJean%5FSynopsis%2Epdf,HTMLAssetError
http://maib.gov.uk/publications/investigation_reports/2010/olivia_jean.cfm,Olivia Jean,http://maib.gov.uk/cms_resources/Olivia%20Jean%5FAnnexes%2Epdf,HTMLAssetError
http://maib.gov.uk/publications/investigation_reports/2011/oscar_wilde.cfm,Oscar Wilde,http://maib.gov.uk/publications/safety_bulletins/safety_bulletins_2010/safety_bulletin_2_2010.cfm,HTMLAssetError
http://maib.gov.uk/publications/investigation_reports/2009/pride_of_canterbury.cfm,Pride of Canterbury,http://maib.gov.uk/publications/accident_flyers/accident_flyers_2009/pride_of_canterbury.cfm,HTMLAssetError
http://maib.gov.uk/publications/investigation_reports/2003/pride_of_provence.cfm,Pride of Provence (26/2003),investigation-report-pride-of-provenceq,NonUniqueSlugError
http://maib.gov.uk/publications/investigation_reports/2011/banana_boat.cfm,Princes Club Watersports Park Accident,http://maib.gov.uk/cms_resources/Princes%5FClub%5FAnnexes%2Epdf,HTMLAssetError
http://maib.gov.uk/publications/investigation_reports/2003/queen_elizabeth_2.cfm,Queen Elizabeth 2 (17/2003),investigation-report-queen-elizabeth-2q,NonUniqueSlugError
http://maib.gov.uk/publications/investigation_reports/2011/qm2.cfm,Queen Mary 2,http://maib.gov.uk/publications/accident_flyers/accident_flyers_2011/rms_qm2.cfm,HTMLAssetError
http://maib.gov.uk/publications/investigation_reports/2009/riverdance.cfm,Riverdance,http://maib.gov.uk/publications/accident_flyers/accident_flyers_2009/riverdance.cfm,HTMLAssetError
http://maib.gov.uk/publications/investigation_reports/2010/saetta_conger.cfm,Saetta / Conger,http://maib.gov.uk/cms_resources/Saetta%5FConger%5FSynopsis%2Epdf,HTMLAssetError
http://maib.gov.uk/publications/investigation_reports/2010/saetta_conger.cfm,Saetta / Conger,http://maib.gov.uk/cms_resources/Saetta%5FConga%5FAnnexes%2Epdf,HTMLAssetError
http://maib.gov.uk/publications/safety_bulletins/safety_bulletins_1999/safety_bulletin_1_1999.cfm,Safety Bulletin 1/1999 Lord Trenchard,http://maib.gov.uk/publications/investigation_reports/2000/lord_trenchard.cfm,HTMLAssetError
http://maib.gov.uk/publications/safety_bulletins/safety_bulletins_2001/safety_bulletin_1_2001.cfm,Safety Bulletin 1/2001 Grand Turk,http://maib.gov.uk/publications/investigation_reports/2002/sv_grand_turk.cfm,HTMLAssetError
http://maib.gov.uk/publications/safety_bulletins/safety_bulletins_2002/safety_bulletin_1_2002.cfm,Safety Bulletin 1/2002 Willy,http://maib.gov.uk/publications/investigation_reports/2002/mv_willy.cfm,HTMLAssetError
http://maib.gov.uk/publications/safety_bulletins/safety_bulletins_2006/safety_bulletin_1_2006.cfm,Safety Bulletin 1/2006 - Star Princess,http://maib.gov.uk/publications/investigation_reports/2006/star_princess.cfm,HTMLAssetError
http://maib.gov.uk/publications/safety_bulletins/safety_bulletins_2009/safety_bulletin_1_2009.cfm,Safety Bulletin 1/2009,http://maib.gov.uk/publications/investigation_reports/2008/young_lady.cfm,HTMLAssetError
http://maib.gov.uk/publications/safety_bulletins/safety_bulletins_2009/safety_bulletin_1_2009.cfm,Safety Bulletin 1/2009,http://maib.gov.uk/publications/investigation_reports/2009/stellar_voyager.cfm,HTMLAssetError
http://maib.gov.uk/publications/safety_bulletins/safety_bulletins_1999/safety_bulletin_2_1999.cfm,Safety Bulletin 2/1999 Purdy,http://maib.gov.uk/publications/investigation_reports/2000/purdy.cfm,HTMLAssetError
http://maib.gov.uk/publications/safety_bulletins/safety_bulletins_2000/safety_bulletin_2_2000.cfm,Safety Bulletin 2/2000 Solstice II,http://maib.gov.uk/publications/investigation_reports/2001/solstice_ii__bf_56_.cfm,HTMLAssetError
http://maib.gov.uk/publications/safety_bulletins/safety_bulletins_2010/safety_bulletin_2_2010.cfm,Safety Bulletin 2/2010,http://maib.gov.uk/publications/investigation_reports/2011/oscar_wilde.cfm,HTMLAssetError
http://maib.gov.uk/publications/safety_bulletins/safety_bulletins_1999/safety_bulletin_3_1999.cfm,Safety Bulletin 3/1999 Rachel Harvey,http://maib.gov.uk/publications/investigation_reports/2000/rachel_harvey.cfm,HTMLAssetError
http://maib.gov.uk/publications/safety_bulletins/safety_bulletins_2000/safety_bulletin_3_2000.cfm,Safety Bulletin 3/2000 Fivla,http://maib.gov.uk/publications/investigation_reports/2001/fivla.cfm,HTMLAssetError
http://maib.gov.uk/publications/safety_bulletins/safety_bulletins_2004/safety_bulletin_3_2004.cfm,Safety Bulletin 3/2004,http://maib.gov.uk/publications/investigation_reports/2005/coral_acropora.cfm,HTMLAssetError
http://maib.gov.uk/publications/safety_bulletins/safety_bulletins_2000/safety_bulletin_4_2000.cfm,Safety Bulletin 4/2000 Pride of Bilbao,http://maib.gov.uk/publications/investigation_reports/2001/pride_of_bilbao.cfm,HTMLAssetError
http://maib.gov.uk/publications/safety_bulletins/safety_bulletins_2002/safety_bulletin_4_2002.cfm,Safety Bulletin 4/2002 Portsmouth Express,http://maib.gov.uk/publications/investigation_reports/2003/portsmouth_express.cfm,HTMLAssetError
http://maib.gov.uk/publications/safety_bulletins/safety_bulletins_2002/safety_bulletin_5_2002.cfm,Safety Bulletin 5/2002 Nottingham Princess,http://maib.gov.uk/publications/investigation_reports/2003/nottingham_princess.cfm,HTMLAssetError
http://maib.gov.uk/publications/investigation_reports/1999/saga_rose.cfm,Saga Rose,investigation-report-saga-roseq,NonUniqueSlugError
http://maib.gov.uk/publications/investigation_reports/2010/sand_falcon.cfm,Sand Falcon,http://maib.gov.uk/publications/accident_flyers/accident_flyers_2010/cormorant___sand_falcon.cfm,HTMLAssetError
http://maib.gov.uk/publications/investigation_reports/2002/sardinia_vera.cfm,Sardinia Vera (32/2002),investigation-report-sardinia-veraq,NonUniqueSlugError
http://maib.gov.uk/publications/investigation_reports/2008/sava_lake.cfm,Sava Lake report,http://maib.gov.uk/publications/accident_flyers/accident_flyers_2008/sava_lake.cfm,HTMLAssetError
http://maib.gov.uk/publications/investigation_reports/2009/scot_isles___wadi_halfa.cfm,Scot Isles & Wadi Halfa,http://maib.gov.uk/publications/accident_flyers/accident_flyers_2009/scot_isles___wadi_halfa.cfm,HTMLAssetError
http://maib.gov.uk/publications/investigation_reports/2008/sea_mithril.cfm,Sea Mithril,http://maib.gov.uk/publications/accident_flyers/accident_flyers_2008/sea_mithril.cfm,HTMLAssetError
http://maib.gov.uk/publications/investigation_reports/2008/shark_royalist_dual_report.cfm,Shark Royalist Combined Report,http://maib.gov.uk/publications/accident_flyers/accident_flyers_2008/shark_and_royalist.cfm,HTMLAssetError
http://maib.gov.uk/publications/investigation_reports/2008/sichem_melbourne.cfm,Sichem Melbourne,http://maib.gov.uk/publications/accident_flyers/accident_flyers_2008/sichem_melbourne.cfm,HTMLAssetError
http://maib.gov.uk/publications/investigation_reports/2010/sleepwalker_and_harwich_2011.cfm,Sleepwalker (A2) and Harwich 2011 (A89),http://maib.gov.uk/cms_resources/Harwich2011%5FSleepwalker%5FSynopsis%2Epdf,HTMLAssetError
http://maib.gov.uk/publications/investigation_reports/2003/solway_harvester.cfm,Solway Harvester (1/2003) - summary report,investigation-report-solway-harvesterq,NonUniqueSlugError
http://maib.gov.uk/publications/investigation_reports/2006/spruce.cfm,Spruce,http://maib.gov.uk/publications/accident_flyers/merchant_vessel_flyers_2006/spruce.cfm,HTMLAssetError
http://maib.gov.uk/publications/investigation_reports/2006/star_princess.cfm,Star Princess,http://maib.gov.uk/publications/safety_bulletins/safety_bulletins_2006/safety_bulletin_1_2006.cfm,HTMLAssetError
http://maib.gov.uk/publications/investigation_reports/2009/stellar_voyager.cfm,Stellar Voyager,http://maib.gov.uk/publications/safety_bulletins/safety_bulletins_2009/safety_bulletin_1_2009.cfm,HTMLAssetError
http://maib.gov.uk/publications/investigation_reports/2009/stena_voyager.cfm,Stena Voyager,http://maib.gov.uk/publications/accident_flyers/accident_flyers_2009/stena_voyager.cfm,HTMLAssetError
http://maib.gov.uk/publications/investigation_reports/2011/ts_royalist.cfm,TS Royalist,http://maib.gov.uk/cms_resources/Royalist%5FAnnexes%2Epdf,HTMLAssetError
http://maib.gov.uk/publications/investigation_reports/2009/ts_royalist.cfm,TS Royalist,http://maib.gov.uk/publications/accident_flyers/accident_flyers_2009/ts_royalist.cfm,HTMLAssetError
http://maib.gov.uk/publications/investigation_reports/2009/ts_royalist.cfm,TS Royalist,investigation-report-ts-royalistq,NonUniqueSlugError
http://maib.gov.uk/publications/investigation_reports/2007/thomson_celebration_tender_15.cfm,Thomson Celebration,http://maib.gov.uk/cms_resources/Thomson%20Celebration%5FFlyer%2Epdf,HTMLAssetError
http://maib.gov.uk/publications/safety_bulletins/safety_bulletins_2011/safety_bulletin_1_2011.cfm,Tombarra,mailto:maib@dft.gsi.gov.uk,NotAWebLinkError
http://maib.gov.uk/publications/safety_bulletins/safety_bulletins_2011/safety_bulletin_1_2011.cfm,Tombarra,http://maib.gov.uk/publications/investigation_reports/2012/tombarra___part_b.cfm,HTMLAssetError
http://maib.gov.uk/publications/safety_bulletins/safety_bulletins_2011/safety_bulletin_2_2011.cfm,Tombarra SB2,http://maib.gov.uk/publications/investigation_reports/2012/tombarra___part_a.cfm,HTMLAssetError
http://maib.gov.uk/publications/investigation_reports/2010/trilogy.cfm,Trilogy,http://maib.gov.uk/cms_resources/Trilogy%5F2010%5FSynopses%2Epdf,HTMLAssetError
http://maib.gov.uk/publications/investigation_reports/2010/trilogy.cfm,Trilogy,http://maib.gov.uk/cms_resources/Trilogy%5F2010%5FAnnexes%2Epdf,HTMLAssetError
http://maib.gov.uk/publications/investigation_reports/2010/trilogy.cfm,Trilogy,http://maib.gov.uk/publications/accident_flyers/accident_flyers_2010/trilogy.cfm,HTMLAssetError
http://maib.gov.uk/publications/investigation_reports/2000/union_arbo_philomena.cfm,Union Arbo and Philomena,"'http://maib.gov.uk/cms_resources/', 403",BadAssetCodeError
http://maib.gov.uk/publications/investigation_reports/2000/union_arbo_philomena.cfm,Union Arbo and Philomena,"'http://maib.gov.uk/_shared/icon_.gif', 404",BadAssetCodeError
http://maib.gov.uk/publications/investigation_reports/2000/union_arbo_philomena.cfm,Union Arbo and Philomena,purging image http://maib.gov.uk/_shared/icon_.gif,PurgedImageError
http://maib.gov.uk/publications/investigation_reports/2008/ursine.cfm,Ursine/Pride of Bruges,http://maib.gov.uk/publications/accident_flyers/accident_flyers_2008/ursine.cfm,HTMLAssetError
http://maib.gov.uk/publications/investigation_reports/2008/errv_viking_islay.cfm,Viking Islay,http://maib.gov.uk/publications/accident_flyers/accident_flyers_2008/errv_viking_islay.cfm,HTMLAssetError
http://maib.gov.uk/publications/investigation_reports/2010/wellservicer.cfm,Wellservicer,http://maib.gov.uk/cms_resources/Wellservicer%5FSynopsis%2Epdf,HTMLAssetError
http://maib.gov.uk/publications/investigation_reports/2010/wellservicer.cfm,Wellservicer,http://maib.gov.uk/cms_resources/Wellservicer%5FAnnexes%2Epdf,HTMLAssetError
http://maib.gov.uk/publications/investigation_reports/2010/wellservicer.cfm,Wellservicer,http://maib.gov.uk/publications/accident_flyers/accident_flyers_2010/wellservicer.cfm,HTMLAssetError
http://maib.gov.uk/publications/investigation_reports/2011/yeoman_bontrup.cfm,Yeoman Bontrup,http://maib.gov.uk/cms_resources/Yeoman%5FBontrup%5FAnnexes%5FM%5Fto%5FQ%2Epdf,HTMLAssetError
http://maib.gov.uk/publications/investigation_reports/2011/yeoman_bontrup.cfm,Yeoman Bontrup,http://maib.gov.uk/publications/accident_flyers/accident_flyers_2011/yeoman_bontrup.cfm,HTMLAssetError
http://maib.gov.uk/publications/investigation_reports/2003/fv_flamingo.cfm,fv Flamingo (15/2003),http://maib.gov.uk/publications/accident_flyers/fishing_vessel_flyer_2005/loss_of_beam_trawler_flamingo.cfm,HTMLAssetError
